Title,Link,Description
10 Breakthrough Technologies 2024 | MIT Technology Review,https://www.technologyreview.com/2024/01/08/1085094/10-breakthrough-technologies-2024/,"Jan 8, 2024 ... 10 Breakthrough Technologies 2024 ; Super-efficient solar cells · Apple Vision Pro · Passwordless Login ; Enhanced geothermal systems · Chiplets · AI ..."
25 New Technology Trends for 2025 | Emerging Technologies 2025,https://www.simplilearn.com/top-technology-trends-and-jobs-article,"25 New Technology Trends for 2025. By Nikita Duggal. Share This Article: Last updated on Nov 4, 2024954177195. New Technology Trends for 2025."
The Top 10 Emerging Technologies of 2024 | World Economic Forum,https://weforum.us3.list-manage.com/track/click?u=6308fe51b420dc9ff3834abc8&id=5e45aeb006&e=7fe5efe521,"Jun 25, 2024 ... The Top 10 Emerging Technologies of 2024 report highlights the technologies set to positively impact society within the next three to five ..."
2024 Critical and Emerging Technologies List Update,https://whitehouse.us19.list-manage.com/track/click?u=c97630621baff8c44fe607661&id=e204d17e15&e=2156f09505,The National Science and Technology Council (NSTC) is the principal means by which the Executive. Branch coordinates science and technology policy across the ...
McKinsey technology trends outlook 2024 | McKinsey,https://www.mckinsey.com/capabilities/mckinsey-digital/our-insights/the-top-trends-in-tech,"Jul 16, 2024 ... Which new technology will have the most impact in 2024 and beyond? Our annual analysis ranks the top tech trends that matter most for companies and ..."
20+ Top Technology Trends in 2024: Exploring the Future,https://quokkalabs.com/blog/top-20-technology-trends-in-2024/,"Generative AI. Generative AI, a leading technology trend in 2024, involves models that create new content based on training data, such as text, images, and ..."
Gartner 2024 Hype Cycle for Emerging Technologies Highlights ...,https://www.gartner.com/en/newsroom/press-releases/2024-08-21-gartner-2024-hype-cycle-for-emerging-technologies-highlights-developer-productivity-total-experience-ai-and-security,"Aug 21, 2024 ... The 25 disruptive technologies to watch on the Gartner, Inc. Hype Cycle for Emerging Technologies, 2024 fall into four key areas: autonomous ..."
The Top 5 Tech Trends In 2024 Everyone Must Be Ready For,https://www.forbes.com/sites/bernardmarr/2023/09/11/the-top-5-tech-trends-in-2024-everyone-must-be-ready-for/,"Sep 11, 2023 ... Technologies like augmented reality (AR), virtual reality (VR) and the immersive internet are breaking down barriers between the physical world ..."
Medicare Program; Transitional Coverage for ... - Federal Register,https://sironastrategies.us2.list-manage.com/track/click?u=e0879465ea553f188a3ff1be9&id=4df43185b1&e=6ec4dc8f10,"Aug 12, 2024 ... Medicare Program; Transitional Coverage for Emerging Technologies. A Notice by the Centers for Medicare & Medicaid Services on 08/12/2024."
AI Hype Vs. Reality 2024 - The State of Emerging Technologies w ...,https://open.spotify.com/episode/0QcEEe0twsWNJluIGAITxJ,"Aug 16, 2024 ... Listen to this episode from Moonshots with Peter Diamandis on Spotify. In this episode, Salim and Peter dive into all news regarding AI, ..."
